ID	Title	From	To	House	Term	Session	Meeting	Sitting	Agenda	Subcorpus	Speaker_role	Speaker_type	Speaker_party	Speaker_party_name	Party_status	Speaker_name	Speaker_gender	Speaker_birth
ParlaMint-SI_2017-04-26-SDZ7-Redna-29.u1	Minutes of the National Assembly of the Republic of Slovenia, Term 7, Regular Session 29, 26.4.2017	2017-04-26	2017-04-26	Lower house	7		29			Reference	Chairperson	MP	DeSUS	Demokratična stranka upokojencev Slovenije	Coalition	Hainz, Primož	M	1947
ParlaMint-SI_2017-04-26-SDZ7-Redna-29.u2	Minutes of the National Assembly of the Republic of Slovenia, Term 7, Regular Session 29, 26.4.2017	2017-04-26	2017-04-26	Lower house	7		29			Reference	Regular	MP	NSi	Nova Slovenija – Krščanski demokrati	Opposition	Tonin, Matej	M	1983
ParlaMint-SI_2017-04-26-SDZ7-Redna-29.u3	Minutes of the National Assembly of the Republic of Slovenia, Term 7, Regular Session 29, 26.4.2017	2017-04-26	2017-04-26	Lower house	7		29			Reference	Chairperson	MP	DeSUS	Demokratična stranka upokojencev Slovenije	Coalition	Hainz, Primož	M	1947
ParlaMint-SI_2017-04-26-SDZ7-Redna-29.u4	Minutes of the National Assembly of the Republic of Slovenia, Term 7, Regular Session 29, 26.4.2017	2017-04-26	2017-04-26	Lower house	7		29			Reference	Regular	notMP				Medved, Ana	F	-
ParlaMint-SI_2017-04-26-SDZ7-Redna-29.u5	Minutes of the National Assembly of the Republic of Slovenia, Term 7, Regular Session 29, 26.4.2017	2017-04-26	2017-04-26	Lower house	7		29			Reference	Chairperson	MP	DeSUS	Demokratična stranka upokojencev Slovenije	Coalition	Hainz, Primož	M	1947
ParlaMint-SI_2017-04-26-SDZ7-Redna-29.u6	Minutes of the National Assembly of the Republic of Slovenia, Term 7, Regular Session 29, 26.4.2017	2017-04-26	2017-04-26	Lower house	7		29			Reference	Regular	MP	DeSUS	Demokratična stranka upokojencev Slovenije	Coalition	Kovačič, Marija Antonija	F	1946
ParlaMint-SI_2017-04-26-SDZ7-Redna-29.u7	Minutes of the National Assembly of the Republic of Slovenia, Term 7, Regular Session 29, 26.4.2017	2017-04-26	2017-04-26	Lower house	7		29			Reference	Chairperson	MP	DeSUS	Demokratična stranka upokojencev Slovenije	Coalition	Hainz, Primož	M	1947
ParlaMint-SI_2017-04-26-SDZ7-Redna-29.u8	Minutes of the National Assembly of the Republic of Slovenia, Term 7, Regular Session 29, 26.4.2017	2017-04-26	2017-04-26	Lower house	7		29			Reference	Regular	MP	SD	Socialni demokrati	Coalition	Muršič, Bojana	F	1971
ParlaMint-SI_2017-04-26-SDZ7-Redna-29.u9	Minutes of the National Assembly of the Republic of Slovenia, Term 7, Regular Session 29, 26.4.2017	2017-04-26	2017-04-26	Lower house	7		29			Reference	Chairperson	MP	DeSUS	Demokratična stranka upokojencev Slovenije	Coalition	Hainz, Primož	M	1947
ParlaMint-SI_2017-04-26-SDZ7-Redna-29.u10	Minutes of the National Assembly of the Republic of Slovenia, Term 7, Regular Session 29, 26.4.2017	2017-04-26	2017-04-26	Lower house	7		29			Reference	Regular	MP	Levica	Združena levica	Opposition	Kordiš, Miha	M	1989
ParlaMint-SI_2017-04-26-SDZ7-Redna-29.u11	Minutes of the National Assembly of the Republic of Slovenia, Term 7, Regular Session 29, 26.4.2017	2017-04-26	2017-04-26	Lower house	7		29			Reference	Chairperson	MP	DeSUS	Demokratična stranka upokojencev Slovenije	Coalition	Hainz, Primož	M	1947
ParlaMint-SI_2017-04-26-SDZ7-Redna-29.u12	Minutes of the National Assembly of the Republic of Slovenia, Term 7, Regular Session 29, 26.4.2017	2017-04-26	2017-04-26	Lower house	7		29			Reference	Regular	MP	NSi	Nova Slovenija – Krščanski demokrati	Opposition	Vrtovec, Jernej	M	1985
ParlaMint-SI_2017-04-26-SDZ7-Redna-29.u13	Minutes of the National Assembly of the Republic of Slovenia, Term 7, Regular Session 29, 26.4.2017	2017-04-26	2017-04-26	Lower house	7		29			Reference	Chairperson	MP	DeSUS	Demokratična stranka upokojencev Slovenije	Coalition	Hainz, Primož	M	1947
ParlaMint-SI_2017-04-26-SDZ7-Redna-29.u14	Minutes of the National Assembly of the Republic of Slovenia, Term 7, Regular Session 29, 26.4.2017	2017-04-26	2017-04-26	Lower house	7		29			Reference	Regular	MP				Bratušek, Alenka	F	1970
ParlaMint-SI_2017-04-26-SDZ7-Redna-29.u15	Minutes of the National Assembly of the Republic of Slovenia, Term 7, Regular Session 29, 26.4.2017	2017-04-26	2017-04-26	Lower house	7		29			Reference	Chairperson	MP	DeSUS	Demokratična stranka upokojencev Slovenije	Coalition	Hainz, Primož	M	1947
ParlaMint-SI_2017-04-26-SDZ7-Redna-29.u16	Minutes of the National Assembly of the Republic of Slovenia, Term 7, Regular Session 29, 26.4.2017	2017-04-26	2017-04-26	Lower house	7		29			Reference	Regular	MP	SMC	Stranka modernega centra		Počkaj, Vlasta	F	1950
ParlaMint-SI_2017-04-26-SDZ7-Redna-29.u17	Minutes of the National Assembly of the Republic of Slovenia, Term 7, Regular Session 29, 26.4.2017	2017-04-26	2017-04-26	Lower house	7		29			Reference	Chairperson	MP	DeSUS	Demokratična stranka upokojencev Slovenije	Coalition	Hainz, Primož	M	1947
ParlaMint-SI_2017-04-26-SDZ7-Redna-29.u18	Minutes of the National Assembly of the Republic of Slovenia, Term 7, Regular Session 29, 26.4.2017	2017-04-26	2017-04-26	Lower house	7		29			Reference	Regular	MP	SDS	Slovenska demokratska stranka	Opposition	Žnidar, Ljubo	M	1960
ParlaMint-SI_2017-04-26-SDZ7-Redna-29.u19	Minutes of the National Assembly of the Republic of Slovenia, Term 7, Regular Session 29, 26.4.2017	2017-04-26	2017-04-26	Lower house	7		29			Reference	Chairperson	MP	DeSUS	Demokratična stranka upokojencev Slovenije	Coalition	Hainz, Primož	M	1947
ParlaMint-SI_2017-04-26-SDZ7-Redna-29.u20	Minutes of the National Assembly of the Republic of Slovenia, Term 7, Regular Session 29, 26.4.2017	2017-04-26	2017-04-26	Lower house	7		29			Reference	Regular	MP	NSi	Nova Slovenija – Krščanski demokrati	Opposition	Tonin, Matej	M	1983
ParlaMint-SI_2017-04-26-SDZ7-Redna-29.u21	Minutes of the National Assembly of the Republic of Slovenia, Term 7, Regular Session 29, 26.4.2017	2017-04-26	2017-04-26	Lower house	7		29			Reference	Chairperson	MP	DeSUS	Demokratična stranka upokojencev Slovenije	Coalition	Hainz, Primož	M	1947
ParlaMint-SI_2017-04-26-SDZ7-Redna-29.u22	Minutes of the National Assembly of the Republic of Slovenia, Term 7, Regular Session 29, 26.4.2017	2017-04-26	2017-04-26	Lower house	7		29			Reference	Regular	MP	NSi	Nova Slovenija – Krščanski demokrati	Opposition	Novak, Ljudmila	F	1959
ParlaMint-SI_2017-04-26-SDZ7-Redna-29.u23	Minutes of the National Assembly of the Republic of Slovenia, Term 7, Regular Session 29, 26.4.2017	2017-04-26	2017-04-26	Lower house	7		29			Reference	Chairperson	MP	DeSUS	Demokratična stranka upokojencev Slovenije	Coalition	Hainz, Primož	M	1947
ParlaMint-SI_2017-04-26-SDZ7-Redna-29.u24	Minutes of the National Assembly of the Republic of Slovenia, Term 7, Regular Session 29, 26.4.2017	2017-04-26	2017-04-26	Lower house	7		29			Reference	Regular	MP	NSi	Nova Slovenija – Krščanski demokrati	Opposition	Dimic, Iva	F	1972
ParlaMint-SI_2017-04-26-SDZ7-Redna-29.u25	Minutes of the National Assembly of the Republic of Slovenia, Term 7, Regular Session 29, 26.4.2017	2017-04-26	2017-04-26	Lower house	7		29			Reference	Chairperson	MP	DeSUS	Demokratična stranka upokojencev Slovenije	Coalition	Hainz, Primož	M	1947
ParlaMint-SI_2017-04-26-SDZ7-Redna-29.u26	Minutes of the National Assembly of the Republic of Slovenia, Term 7, Regular Session 29, 26.4.2017	2017-04-26	2017-04-26	Lower house	7		29			Reference	Regular	MP	NSi	Nova Slovenija – Krščanski demokrati	Opposition	Lah, Zvonko	M	1958
ParlaMint-SI_2017-04-26-SDZ7-Redna-29.u27	Minutes of the National Assembly of the Republic of Slovenia, Term 7, Regular Session 29, 26.4.2017	2017-04-26	2017-04-26	Lower house	7		29			Reference	Chairperson	MP	DeSUS	Demokratična stranka upokojencev Slovenije	Coalition	Hainz, Primož	M	1947
ParlaMint-SI_2017-04-26-SDZ7-Redna-29.u28	Minutes of the National Assembly of the Republic of Slovenia, Term 7, Regular Session 29, 26.4.2017	2017-04-26	2017-04-26	Lower house	7		29			Reference	Regular	MP	NSi	Nova Slovenija – Krščanski demokrati	Opposition	Tonin, Matej	M	1983
ParlaMint-SI_2017-04-26-SDZ7-Redna-29.u29	Minutes of the National Assembly of the Republic of Slovenia, Term 7, Regular Session 29, 26.4.2017	2017-04-26	2017-04-26	Lower house	7		29			Reference	Chairperson	MP	DeSUS	Demokratična stranka upokojencev Slovenije	Coalition	Hainz, Primož	M	1947
ParlaMint-SI_2017-04-26-SDZ7-Redna-29.u30	Minutes of the National Assembly of the Republic of Slovenia, Term 7, Regular Session 29, 26.4.2017	2017-04-26	2017-04-26	Lower house	7		29			Reference	Regular	MP	NSi	Nova Slovenija – Krščanski demokrati	Opposition	Dimic, Iva	F	1972
ParlaMint-SI_2017-04-26-SDZ7-Redna-29.u31	Minutes of the National Assembly of the Republic of Slovenia, Term 7, Regular Session 29, 26.4.2017	2017-04-26	2017-04-26	Lower house	7		29			Reference	Chairperson	MP	DeSUS	Demokratična stranka upokojencev Slovenije	Coalition	Hainz, Primož	M	1947
ParlaMint-SI_2017-04-26-SDZ7-Redna-29.u32	Minutes of the National Assembly of the Republic of Slovenia, Term 7, Regular Session 29, 26.4.2017	2017-04-26	2017-04-26	Lower house	7		29			Reference	Regular	notMP				Vuk, Martina	F	-
ParlaMint-SI_2017-04-26-SDZ7-Redna-29.u33	Minutes of the National Assembly of the Republic of Slovenia, Term 7, Regular Session 29, 26.4.2017	2017-04-26	2017-04-26	Lower house	7		29			Reference	Chairperson	MP	DeSUS	Demokratična stranka upokojencev Slovenije	Coalition	Hainz, Primož	M	1947
ParlaMint-SI_2017-04-26-SDZ7-Redna-29.u34	Minutes of the National Assembly of the Republic of Slovenia, Term 7, Regular Session 29, 26.4.2017	2017-04-26	2017-04-26	Lower house	7		29			Reference	Regular	MP	SD	Socialni demokrati	Coalition	Bačič, Marija	F	1947
ParlaMint-SI_2017-04-26-SDZ7-Redna-29.u35	Minutes of the National Assembly of the Republic of Slovenia, Term 7, Regular Session 29, 26.4.2017	2017-04-26	2017-04-26	Lower house	7		29			Reference	Chairperson	MP	DeSUS	Demokratična stranka upokojencev Slovenije	Coalition	Hainz, Primož	M	1947
ParlaMint-SI_2017-04-26-SDZ7-Redna-29.u36	Minutes of the National Assembly of the Republic of Slovenia, Term 7, Regular Session 29, 26.4.2017	2017-04-26	2017-04-26	Lower house	7		29			Reference	Regular	MP	Levica	Združena levica	Opposition	Tomić, Violeta	F	1963
ParlaMint-SI_2017-04-26-SDZ7-Redna-29.u37	Minutes of the National Assembly of the Republic of Slovenia, Term 7, Regular Session 29, 26.4.2017	2017-04-26	2017-04-26	Lower house	7		29			Reference	Chairperson	MP	SMC	Stranka modernega centra		Brglez, Milan	M	1967
ParlaMint-SI_2017-04-26-SDZ7-Redna-29.u38	Minutes of the National Assembly of the Republic of Slovenia, Term 7, Regular Session 29, 26.4.2017	2017-04-26	2017-04-26	Lower house	7		29			Reference	Regular	MP	NSi	Nova Slovenija – Krščanski demokrati	Opposition	Tonin, Matej	M	1983
ParlaMint-SI_2017-04-26-SDZ7-Redna-29.u39	Minutes of the National Assembly of the Republic of Slovenia, Term 7, Regular Session 29, 26.4.2017	2017-04-26	2017-04-26	Lower house	7		29			Reference	Chairperson	MP	SMC	Stranka modernega centra		Brglez, Milan	M	1967
ParlaMint-SI_2017-04-26-SDZ7-Redna-29.u40	Minutes of the National Assembly of the Republic of Slovenia, Term 7, Regular Session 29, 26.4.2017	2017-04-26	2017-04-26	Lower house	7		29			Reference	Regular	MP	SMC	Stranka modernega centra		Dekleva, Erika	F	1969
ParlaMint-SI_2017-04-26-SDZ7-Redna-29.u41	Minutes of the National Assembly of the Republic of Slovenia, Term 7, Regular Session 29, 26.4.2017	2017-04-26	2017-04-26	Lower house	7		29			Reference	Chairperson	MP	SMC	Stranka modernega centra		Brglez, Milan	M	1967
ParlaMint-SI_2017-04-26-SDZ7-Redna-29.u42	Minutes of the National Assembly of the Republic of Slovenia, Term 7, Regular Session 29, 26.4.2017	2017-04-26	2017-04-26	Lower house	7		29			Reference	Regular	MP	SDS	Slovenska demokratska stranka	Opposition	Pojbič, Marijan	M	1961
ParlaMint-SI_2017-04-26-SDZ7-Redna-29.u43	Minutes of the National Assembly of the Republic of Slovenia, Term 7, Regular Session 29, 26.4.2017	2017-04-26	2017-04-26	Lower house	7		29			Reference	Chairperson	MP	SMC	Stranka modernega centra		Brglez, Milan	M	1967
ParlaMint-SI_2017-04-26-SDZ7-Redna-29.u44	Minutes of the National Assembly of the Republic of Slovenia, Term 7, Regular Session 29, 26.4.2017	2017-04-26	2017-04-26	Lower house	7		29			Reference	Regular	MP	DeSUS	Demokratična stranka upokojencev Slovenije	Coalition	Bizjak Mlakar, Julijana	F	1956
ParlaMint-SI_2017-04-26-SDZ7-Redna-29.u45	Minutes of the National Assembly of the Republic of Slovenia, Term 7, Regular Session 29, 26.4.2017	2017-04-26	2017-04-26	Lower house	7		29			Reference	Chairperson	MP	SMC	Stranka modernega centra		Brglez, Milan	M	1967
ParlaMint-SI_2017-04-26-SDZ7-Redna-29.u46	Minutes of the National Assembly of the Republic of Slovenia, Term 7, Regular Session 29, 26.4.2017	2017-04-26	2017-04-26	Lower house	7		29			Reference	Regular	MP	NSi	Nova Slovenija – Krščanski demokrati	Opposition	Dimic, Iva	F	1972
ParlaMint-SI_2017-04-26-SDZ7-Redna-29.u47	Minutes of the National Assembly of the Republic of Slovenia, Term 7, Regular Session 29, 26.4.2017	2017-04-26	2017-04-26	Lower house	7		29			Reference	Chairperson	MP	SMC	Stranka modernega centra		Brglez, Milan	M	1967
ParlaMint-SI_2017-04-26-SDZ7-Redna-29.u48	Minutes of the National Assembly of the Republic of Slovenia, Term 7, Regular Session 29, 26.4.2017	2017-04-26	2017-04-26	Lower house	7		29			Reference	Regular	MP	NSi	Nova Slovenija – Krščanski demokrati	Opposition	Novak, Ljudmila	F	1959
ParlaMint-SI_2017-04-26-SDZ7-Redna-29.u49	Minutes of the National Assembly of the Republic of Slovenia, Term 7, Regular Session 29, 26.4.2017	2017-04-26	2017-04-26	Lower house	7		29			Reference	Chairperson	MP	SMC	Stranka modernega centra		Brglez, Milan	M	1967
ParlaMint-SI_2017-04-26-SDZ7-Redna-29.u50	Minutes of the National Assembly of the Republic of Slovenia, Term 7, Regular Session 29, 26.4.2017	2017-04-26	2017-04-26	Lower house	7		29			Reference	Regular	MP	SMC	Stranka modernega centra		Cink, Tanja	F	1976
ParlaMint-SI_2017-04-26-SDZ7-Redna-29.u51	Minutes of the National Assembly of the Republic of Slovenia, Term 7, Regular Session 29, 26.4.2017	2017-04-26	2017-04-26	Lower house	7		29			Reference	Chairperson	MP	SMC	Stranka modernega centra		Brglez, Milan	M	1967
ParlaMint-SI_2017-04-26-SDZ7-Redna-29.u52	Minutes of the National Assembly of the Republic of Slovenia, Term 7, Regular Session 29, 26.4.2017	2017-04-26	2017-04-26	Lower house	7		29			Reference	Regular	MP	NSi	Nova Slovenija – Krščanski demokrati	Opposition	Dimic, Iva	F	1972
ParlaMint-SI_2017-04-26-SDZ7-Redna-29.u53	Minutes of the National Assembly of the Republic of Slovenia, Term 7, Regular Session 29, 26.4.2017	2017-04-26	2017-04-26	Lower house	7		29			Reference	Chairperson	MP	SMC	Stranka modernega centra		Brglez, Milan	M	1967
ParlaMint-SI_2017-04-26-SDZ7-Redna-29.u54	Minutes of the National Assembly of the Republic of Slovenia, Term 7, Regular Session 29, 26.4.2017	2017-04-26	2017-04-26	Lower house	7		29			Reference	Regular	MP	SDS	Slovenska demokratska stranka	Opposition	Mahnič, Žan	M	1990
ParlaMint-SI_2017-04-26-SDZ7-Redna-29.u55	Minutes of the National Assembly of the Republic of Slovenia, Term 7, Regular Session 29, 26.4.2017	2017-04-26	2017-04-26	Lower house	7		29			Reference	Chairperson	MP	SMC	Stranka modernega centra		Brglez, Milan	M	1967
ParlaMint-SI_2017-04-26-SDZ7-Redna-29.u56	Minutes of the National Assembly of the Republic of Slovenia, Term 7, Regular Session 29, 26.4.2017	2017-04-26	2017-04-26	Lower house	7		29			Reference	Regular	MP	SD	Socialni demokrati	Coalition	Muršič, Bojana	F	1971
ParlaMint-SI_2017-04-26-SDZ7-Redna-29.u57	Minutes of the National Assembly of the Republic of Slovenia, Term 7, Regular Session 29, 26.4.2017	2017-04-26	2017-04-26	Lower house	7		29			Reference	Chairperson	MP	SMC	Stranka modernega centra		Brglez, Milan	M	1967
ParlaMint-SI_2017-04-26-SDZ7-Redna-29.u58	Minutes of the National Assembly of the Republic of Slovenia, Term 7, Regular Session 29, 26.4.2017	2017-04-26	2017-04-26	Lower house	7		29			Reference	Regular	MP	NSi	Nova Slovenija – Krščanski demokrati	Opposition	Dimic, Iva	F	1972
ParlaMint-SI_2017-04-26-SDZ7-Redna-29.u59	Minutes of the National Assembly of the Republic of Slovenia, Term 7, Regular Session 29, 26.4.2017	2017-04-26	2017-04-26	Lower house	7		29			Reference	Chairperson	MP	SMC	Stranka modernega centra		Brglez, Milan	M	1967
ParlaMint-SI_2017-04-26-SDZ7-Redna-29.u60	Minutes of the National Assembly of the Republic of Slovenia, Term 7, Regular Session 29, 26.4.2017	2017-04-26	2017-04-26	Lower house	7		29			Reference	Regular	MP	NSi	Nova Slovenija – Krščanski demokrati	Opposition	Lah, Zvonko	M	1958
ParlaMint-SI_2017-04-26-SDZ7-Redna-29.u61	Minutes of the National Assembly of the Republic of Slovenia, Term 7, Regular Session 29, 26.4.2017	2017-04-26	2017-04-26	Lower house	7		29			Reference	Chairperson	MP	SMC	Stranka modernega centra		Brglez, Milan	M	1967
ParlaMint-SI_2017-04-26-SDZ7-Redna-29.u62	Minutes of the National Assembly of the Republic of Slovenia, Term 7, Regular Session 29, 26.4.2017	2017-04-26	2017-04-26	Lower house	7		29			Reference	Regular	MP	NSi	Nova Slovenija – Krščanski demokrati	Opposition	Dimic, Iva	F	1972
ParlaMint-SI_2017-04-26-SDZ7-Redna-29.u63	Minutes of the National Assembly of the Republic of Slovenia, Term 7, Regular Session 29, 26.4.2017	2017-04-26	2017-04-26	Lower house	7		29			Reference	Chairperson	MP	SMC	Stranka modernega centra		Brglez, Milan	M	1967
ParlaMint-SI_2017-04-26-SDZ7-Redna-29.u64	Minutes of the National Assembly of the Republic of Slovenia, Term 7, Regular Session 29, 26.4.2017	2017-04-26	2017-04-26	Lower house	7		29			Reference	Regular	notMP				Vuk, Martina	F	-
ParlaMint-SI_2017-04-26-SDZ7-Redna-29.u65	Minutes of the National Assembly of the Republic of Slovenia, Term 7, Regular Session 29, 26.4.2017	2017-04-26	2017-04-26	Lower house	7		29			Reference	Chairperson	MP	SMC	Stranka modernega centra		Brglez, Milan	M	1967
ParlaMint-SI_2017-04-26-SDZ7-Redna-29.u66	Minutes of the National Assembly of the Republic of Slovenia, Term 7, Regular Session 29, 26.4.2017	2017-04-26	2017-04-26	Lower house	7		29			Reference	Regular	MP	NSi	Nova Slovenija – Krščanski demokrati	Opposition	Dimic, Iva	F	1972
ParlaMint-SI_2017-04-26-SDZ7-Redna-29.u67	Minutes of the National Assembly of the Republic of Slovenia, Term 7, Regular Session 29, 26.4.2017	2017-04-26	2017-04-26	Lower house	7		29			Reference	Chairperson	MP	SMC	Stranka modernega centra		Brglez, Milan	M	1967
ParlaMint-SI_2017-04-26-SDZ7-Redna-29.u68	Minutes of the National Assembly of the Republic of Slovenia, Term 7, Regular Session 29, 26.4.2017	2017-04-26	2017-04-26	Lower house	7		29			Reference	Regular	MP	SDS	Slovenska demokratska stranka	Opposition	Pojbič, Marijan	M	1961
ParlaMint-SI_2017-04-26-SDZ7-Redna-29.u69	Minutes of the National Assembly of the Republic of Slovenia, Term 7, Regular Session 29, 26.4.2017	2017-04-26	2017-04-26	Lower house	7		29			Reference	Chairperson	MP	SD	Socialni demokrati	Coalition	Nemec, Matjaž	M	1980
ParlaMint-SI_2017-04-26-SDZ7-Redna-29.u70	Minutes of the National Assembly of the Republic of Slovenia, Term 7, Regular Session 29, 26.4.2017	2017-04-26	2017-04-26	Lower house	7		29			Reference	Regular	MP	SMC	Stranka modernega centra		Dekleva, Erika	F	1969
ParlaMint-SI_2017-04-26-SDZ7-Redna-29.u71	Minutes of the National Assembly of the Republic of Slovenia, Term 7, Regular Session 29, 26.4.2017	2017-04-26	2017-04-26	Lower house	7		29			Reference	Chairperson	MP	SD	Socialni demokrati	Coalition	Nemec, Matjaž	M	1980
ParlaMint-SI_2017-04-26-SDZ7-Redna-29.u72	Minutes of the National Assembly of the Republic of Slovenia, Term 7, Regular Session 29, 26.4.2017	2017-04-26	2017-04-26	Lower house	7		29			Reference	Regular	MP	SDS	Slovenska demokratska stranka	Opposition	Pojbič, Marijan	M	1961
ParlaMint-SI_2017-04-26-SDZ7-Redna-29.u73	Minutes of the National Assembly of the Republic of Slovenia, Term 7, Regular Session 29, 26.4.2017	2017-04-26	2017-04-26	Lower house	7		29			Reference	Chairperson	MP	SD	Socialni demokrati	Coalition	Nemec, Matjaž	M	1980
ParlaMint-SI_2017-04-26-SDZ7-Redna-29.u74	Minutes of the National Assembly of the Republic of Slovenia, Term 7, Regular Session 29, 26.4.2017	2017-04-26	2017-04-26	Lower house	7		29			Reference	Regular	MP	SDS	Slovenska demokratska stranka	Opposition	Tanko, Jože	M	1956
ParlaMint-SI_2017-04-26-SDZ7-Redna-29.u75	Minutes of the National Assembly of the Republic of Slovenia, Term 7, Regular Session 29, 26.4.2017	2017-04-26	2017-04-26	Lower house	7		29			Reference	Chairperson	MP	SD	Socialni demokrati	Coalition	Nemec, Matjaž	M	1980
ParlaMint-SI_2017-04-26-SDZ7-Redna-29.u76	Minutes of the National Assembly of the Republic of Slovenia, Term 7, Regular Session 29, 26.4.2017	2017-04-26	2017-04-26	Lower house	7		29			Reference	Regular	MP	SDS	Slovenska demokratska stranka	Opposition	Tanko, Jože	M	1956
ParlaMint-SI_2017-04-26-SDZ7-Redna-29.u77	Minutes of the National Assembly of the Republic of Slovenia, Term 7, Regular Session 29, 26.4.2017	2017-04-26	2017-04-26	Lower house	7		29			Reference	Chairperson	MP	SD	Socialni demokrati	Coalition	Nemec, Matjaž	M	1980
ParlaMint-SI_2017-04-26-SDZ7-Redna-29.u78	Minutes of the National Assembly of the Republic of Slovenia, Term 7, Regular Session 29, 26.4.2017	2017-04-26	2017-04-26	Lower house	7		29			Reference	Regular	notMP				Vuk, Martina	F	-
ParlaMint-SI_2017-04-26-SDZ7-Redna-29.u79	Minutes of the National Assembly of the Republic of Slovenia, Term 7, Regular Session 29, 26.4.2017	2017-04-26	2017-04-26	Lower house	7		29			Reference	Chairperson	MP	SMC	Stranka modernega centra		Brglez, Milan	M	1967
ParlaMint-SI_2017-04-26-SDZ7-Redna-29.u80	Minutes of the National Assembly of the Republic of Slovenia, Term 7, Regular Session 29, 26.4.2017	2017-04-26	2017-04-26	Lower house	7		29			Reference	Regular	notMP				Vuk, Martina	F	-
ParlaMint-SI_2017-04-26-SDZ7-Redna-29.u81	Minutes of the National Assembly of the Republic of Slovenia, Term 7, Regular Session 29, 26.4.2017	2017-04-26	2017-04-26	Lower house	7		29			Reference	Chairperson	MP	SMC	Stranka modernega centra		Brglez, Milan	M	1967
ParlaMint-SI_2017-04-26-SDZ7-Redna-29.u82	Minutes of the National Assembly of the Republic of Slovenia, Term 7, Regular Session 29, 26.4.2017	2017-04-26	2017-04-26	Lower house	7		29			Reference	Regular	MP	NSi	Nova Slovenija – Krščanski demokrati	Opposition	Tonin, Matej	M	1983
ParlaMint-SI_2017-04-26-SDZ7-Redna-29.u83	Minutes of the National Assembly of the Republic of Slovenia, Term 7, Regular Session 29, 26.4.2017	2017-04-26	2017-04-26	Lower house	7		29			Reference	Chairperson	MP	SMC	Stranka modernega centra		Brglez, Milan	M	1967
ParlaMint-SI_2017-04-26-SDZ7-Redna-29.u84	Minutes of the National Assembly of the Republic of Slovenia, Term 7, Regular Session 29, 26.4.2017	2017-04-26	2017-04-26	Lower house	7		29			Reference	Regular	MP	NSi	Nova Slovenija – Krščanski demokrati	Opposition	Dimic, Iva	F	1972
ParlaMint-SI_2017-04-26-SDZ7-Redna-29.u85	Minutes of the National Assembly of the Republic of Slovenia, Term 7, Regular Session 29, 26.4.2017	2017-04-26	2017-04-26	Lower house	7		29			Reference	Chairperson	MP	SMC	Stranka modernega centra		Brglez, Milan	M	1967
ParlaMint-SI_2017-04-26-SDZ7-Redna-29.u86	Minutes of the National Assembly of the Republic of Slovenia, Term 7, Regular Session 29, 26.4.2017	2017-04-26	2017-04-26	Lower house	7		29			Reference	Regular	MP	SDS	Slovenska demokratska stranka	Opposition	Tanko, Jože	M	1956
ParlaMint-SI_2017-04-26-SDZ7-Redna-29.u87	Minutes of the National Assembly of the Republic of Slovenia, Term 7, Regular Session 29, 26.4.2017	2017-04-26	2017-04-26	Lower house	7		29			Reference	Chairperson	MP	SD	Socialni demokrati	Coalition	Nemec, Matjaž	M	1980
ParlaMint-SI_2017-04-26-SDZ7-Redna-29.u88	Minutes of the National Assembly of the Republic of Slovenia, Term 7, Regular Session 29, 26.4.2017	2017-04-26	2017-04-26	Lower house	7		29			Reference	Regular	MP	NSi	Nova Slovenija – Krščanski demokrati	Opposition	Tonin, Matej	M	1983
ParlaMint-SI_2017-04-26-SDZ7-Redna-29.u89	Minutes of the National Assembly of the Republic of Slovenia, Term 7, Regular Session 29, 26.4.2017	2017-04-26	2017-04-26	Lower house	7		29			Reference	Chairperson	MP	SD	Socialni demokrati	Coalition	Nemec, Matjaž	M	1980
ParlaMint-SI_2017-04-26-SDZ7-Redna-29.u90	Minutes of the National Assembly of the Republic of Slovenia, Term 7, Regular Session 29, 26.4.2017	2017-04-26	2017-04-26	Lower house	7		29			Reference	Regular	MP	NSi	Nova Slovenija – Krščanski demokrati	Opposition	Dimic, Iva	F	1972
ParlaMint-SI_2017-04-26-SDZ7-Redna-29.u91	Minutes of the National Assembly of the Republic of Slovenia, Term 7, Regular Session 29, 26.4.2017	2017-04-26	2017-04-26	Lower house	7		29			Reference	Chairperson	MP	SMC	Stranka modernega centra		Brglez, Milan	M	1967
ParlaMint-SI_2017-04-26-SDZ7-Redna-29.u92	Minutes of the National Assembly of the Republic of Slovenia, Term 7, Regular Session 29, 26.4.2017	2017-04-26	2017-04-26	Lower house	7		29			Reference	Regular	MP	SDS	Slovenska demokratska stranka	Opposition	Gorenak, Vinko	M	1955
ParlaMint-SI_2017-04-26-SDZ7-Redna-29.u93	Minutes of the National Assembly of the Republic of Slovenia, Term 7, Regular Session 29, 26.4.2017	2017-04-26	2017-04-26	Lower house	7		29			Reference	Chairperson	MP	SMC	Stranka modernega centra		Brglez, Milan	M	1967
ParlaMint-SI_2017-04-26-SDZ7-Redna-29.u94	Minutes of the National Assembly of the Republic of Slovenia, Term 7, Regular Session 29, 26.4.2017	2017-04-26	2017-04-26	Lower house	7		29			Reference	Regular	MP	SDS	Slovenska demokratska stranka	Opposition	Tanko, Jože	M	1956
ParlaMint-SI_2017-04-26-SDZ7-Redna-29.u95	Minutes of the National Assembly of the Republic of Slovenia, Term 7, Regular Session 29, 26.4.2017	2017-04-26	2017-04-26	Lower house	7		29			Reference	Chairperson	MP	SMC	Stranka modernega centra		Brglez, Milan	M	1967
ParlaMint-SI_2017-04-26-SDZ7-Redna-29.u96	Minutes of the National Assembly of the Republic of Slovenia, Term 7, Regular Session 29, 26.4.2017	2017-04-26	2017-04-26	Lower house	7		29			Reference	Regular	MP	SDS	Slovenska demokratska stranka	Opposition	Grims, Branko	M	1962
ParlaMint-SI_2017-04-26-SDZ7-Redna-29.u97	Minutes of the National Assembly of the Republic of Slovenia, Term 7, Regular Session 29, 26.4.2017	2017-04-26	2017-04-26	Lower house	7		29			Reference	Chairperson	MP	SD	Socialni demokrati	Coalition	Nemec, Matjaž	M	1980
ParlaMint-SI_2017-04-26-SDZ7-Redna-29.u98	Minutes of the National Assembly of the Republic of Slovenia, Term 7, Regular Session 29, 26.4.2017	2017-04-26	2017-04-26	Lower house	7		29			Reference	Regular	MP	SMC	Stranka modernega centra		Sluga, Janja	F	1974
ParlaMint-SI_2017-04-26-SDZ7-Redna-29.u99	Minutes of the National Assembly of the Republic of Slovenia, Term 7, Regular Session 29, 26.4.2017	2017-04-26	2017-04-26	Lower house	7		29			Reference	Chairperson	MP	SD	Socialni demokrati	Coalition	Nemec, Matjaž	M	1980
ParlaMint-SI_2017-04-26-SDZ7-Redna-29.u100	Minutes of the National Assembly of the Republic of Slovenia, Term 7, Regular Session 29, 26.4.2017	2017-04-26	2017-04-26	Lower house	7		29			Reference	Regular	notMP				Špenga, Andrej	M	-
ParlaMint-SI_2017-04-26-SDZ7-Redna-29.u101	Minutes of the National Assembly of the Republic of Slovenia, Term 7, Regular Session 29, 26.4.2017	2017-04-26	2017-04-26	Lower house	7		29			Reference	Chairperson	MP	SD	Socialni demokrati	Coalition	Nemec, Matjaž	M	1980
ParlaMint-SI_2017-04-26-SDZ7-Redna-29.u102	Minutes of the National Assembly of the Republic of Slovenia, Term 7, Regular Session 29, 26.4.2017	2017-04-26	2017-04-26	Lower house	7		29			Reference	Regular	MP	Levica	Združena levica	Opposition	Tašner Vatovec, Matej	M	1983
ParlaMint-SI_2017-04-26-SDZ7-Redna-29.u103	Minutes of the National Assembly of the Republic of Slovenia, Term 7, Regular Session 29, 26.4.2017	2017-04-26	2017-04-26	Lower house	7		29			Reference	Chairperson	MP	SD	Socialni demokrati	Coalition	Nemec, Matjaž	M	1980
ParlaMint-SI_2017-04-26-SDZ7-Redna-29.u104	Minutes of the National Assembly of the Republic of Slovenia, Term 7, Regular Session 29, 26.4.2017	2017-04-26	2017-04-26	Lower house	7		29			Reference	Regular	MP	NSi	Nova Slovenija – Krščanski demokrati	Opposition	Lah, Zvonko	M	1958
ParlaMint-SI_2017-04-26-SDZ7-Redna-29.u105	Minutes of the National Assembly of the Republic of Slovenia, Term 7, Regular Session 29, 26.4.2017	2017-04-26	2017-04-26	Lower house	7		29			Reference	Chairperson	MP	SD	Socialni demokrati	Coalition	Nemec, Matjaž	M	1980
ParlaMint-SI_2017-04-26-SDZ7-Redna-29.u106	Minutes of the National Assembly of the Republic of Slovenia, Term 7, Regular Session 29, 26.4.2017	2017-04-26	2017-04-26	Lower house	7		29			Reference	Regular	MP	SMC	Stranka modernega centra		Ferluga, Marko	M	1967
ParlaMint-SI_2017-04-26-SDZ7-Redna-29.u107	Minutes of the National Assembly of the Republic of Slovenia, Term 7, Regular Session 29, 26.4.2017	2017-04-26	2017-04-26	Lower house	7		29			Reference	Chairperson	MP	SD	Socialni demokrati	Coalition	Nemec, Matjaž	M	1980
ParlaMint-SI_2017-04-26-SDZ7-Redna-29.u108	Minutes of the National Assembly of the Republic of Slovenia, Term 7, Regular Session 29, 26.4.2017	2017-04-26	2017-04-26	Lower house	7		29			Reference	Regular	MP	SDS	Slovenska demokratska stranka	Opposition	Gorenak, Vinko	M	1955
ParlaMint-SI_2017-04-26-SDZ7-Redna-29.u109	Minutes of the National Assembly of the Republic of Slovenia, Term 7, Regular Session 29, 26.4.2017	2017-04-26	2017-04-26	Lower house	7		29			Reference	Chairperson	MP	SD	Socialni demokrati	Coalition	Nemec, Matjaž	M	1980
ParlaMint-SI_2017-04-26-SDZ7-Redna-29.u110	Minutes of the National Assembly of the Republic of Slovenia, Term 7, Regular Session 29, 26.4.2017	2017-04-26	2017-04-26	Lower house	7		29			Reference	Regular	MP	SDS	Slovenska demokratska stranka	Opposition	Gorenak, Vinko	M	1955
ParlaMint-SI_2017-04-26-SDZ7-Redna-29.u111	Minutes of the National Assembly of the Republic of Slovenia, Term 7, Regular Session 29, 26.4.2017	2017-04-26	2017-04-26	Lower house	7		29			Reference	Chairperson	MP	SD	Socialni demokrati	Coalition	Nemec, Matjaž	M	1980
ParlaMint-SI_2017-04-26-SDZ7-Redna-29.u112	Minutes of the National Assembly of the Republic of Slovenia, Term 7, Regular Session 29, 26.4.2017	2017-04-26	2017-04-26	Lower house	7		29			Reference	Regular	MP	SDS	Slovenska demokratska stranka	Opposition	Gorenak, Vinko	M	1955
ParlaMint-SI_2017-04-26-SDZ7-Redna-29.u113	Minutes of the National Assembly of the Republic of Slovenia, Term 7, Regular Session 29, 26.4.2017	2017-04-26	2017-04-26	Lower house	7		29			Reference	Chairperson	MP	SD	Socialni demokrati	Coalition	Nemec, Matjaž	M	1980
ParlaMint-SI_2017-04-26-SDZ7-Redna-29.u114	Minutes of the National Assembly of the Republic of Slovenia, Term 7, Regular Session 29, 26.4.2017	2017-04-26	2017-04-26	Lower house	7		29			Reference	Regular	MP	SDS	Slovenska demokratska stranka	Opposition	Gorenak, Vinko	M	1955
ParlaMint-SI_2017-04-26-SDZ7-Redna-29.u115	Minutes of the National Assembly of the Republic of Slovenia, Term 7, Regular Session 29, 26.4.2017	2017-04-26	2017-04-26	Lower house	7		29			Reference	Chairperson	MP	SD	Socialni demokrati	Coalition	Nemec, Matjaž	M	1980
ParlaMint-SI_2017-04-26-SDZ7-Redna-29.u116	Minutes of the National Assembly of the Republic of Slovenia, Term 7, Regular Session 29, 26.4.2017	2017-04-26	2017-04-26	Lower house	7		29			Reference	Regular	MP	DeSUS	Demokratična stranka upokojencev Slovenije	Coalition	Vilfan, Peter	M	1957
ParlaMint-SI_2017-04-26-SDZ7-Redna-29.u117	Minutes of the National Assembly of the Republic of Slovenia, Term 7, Regular Session 29, 26.4.2017	2017-04-26	2017-04-26	Lower house	7		29			Reference	Chairperson	MP	SD	Socialni demokrati	Coalition	Nemec, Matjaž	M	1980
ParlaMint-SI_2017-04-26-SDZ7-Redna-29.u118	Minutes of the National Assembly of the Republic of Slovenia, Term 7, Regular Session 29, 26.4.2017	2017-04-26	2017-04-26	Lower house	7		29			Reference	Regular	MP	SD	Socialni demokrati	Coalition	Muršič, Bojana	F	1971
ParlaMint-SI_2017-04-26-SDZ7-Redna-29.u119	Minutes of the National Assembly of the Republic of Slovenia, Term 7, Regular Session 29, 26.4.2017	2017-04-26	2017-04-26	Lower house	7		29			Reference	Chairperson	MP	SD	Socialni demokrati	Coalition	Nemec, Matjaž	M	1980
ParlaMint-SI_2017-04-26-SDZ7-Redna-29.u120	Minutes of the National Assembly of the Republic of Slovenia, Term 7, Regular Session 29, 26.4.2017	2017-04-26	2017-04-26	Lower house	7		29			Reference	Regular	MP	SDS	Slovenska demokratska stranka	Opposition	Grims, Branko	M	1962
ParlaMint-SI_2017-04-26-SDZ7-Redna-29.u121	Minutes of the National Assembly of the Republic of Slovenia, Term 7, Regular Session 29, 26.4.2017	2017-04-26	2017-04-26	Lower house	7		29			Reference	Chairperson	MP	SMC	Stranka modernega centra		Brglez, Milan	M	1967
ParlaMint-SI_2017-04-26-SDZ7-Redna-29.u122	Minutes of the National Assembly of the Republic of Slovenia, Term 7, Regular Session 29, 26.4.2017	2017-04-26	2017-04-26	Lower house	7		29			Reference	Regular	MP	Levica	Združena levica	Opposition	Tašner Vatovec, Matej	M	1983
ParlaMint-SI_2017-04-26-SDZ7-Redna-29.u123	Minutes of the National Assembly of the Republic of Slovenia, Term 7, Regular Session 29, 26.4.2017	2017-04-26	2017-04-26	Lower house	7		29			Reference	Chairperson	MP	SMC	Stranka modernega centra		Brglez, Milan	M	1967
ParlaMint-SI_2017-04-26-SDZ7-Redna-29.u124	Minutes of the National Assembly of the Republic of Slovenia, Term 7, Regular Session 29, 26.4.2017	2017-04-26	2017-04-26	Lower house	7		29			Reference	Regular	MP	SDS	Slovenska demokratska stranka	Opposition	Tanko, Jože	M	1956
ParlaMint-SI_2017-04-26-SDZ7-Redna-29.u125	Minutes of the National Assembly of the Republic of Slovenia, Term 7, Regular Session 29, 26.4.2017	2017-04-26	2017-04-26	Lower house	7		29			Reference	Chairperson	MP	SMC	Stranka modernega centra		Brglez, Milan	M	1967
ParlaMint-SI_2017-04-26-SDZ7-Redna-29.u126	Minutes of the National Assembly of the Republic of Slovenia, Term 7, Regular Session 29, 26.4.2017	2017-04-26	2017-04-26	Lower house	7		29			Reference	Regular	MP	SDS	Slovenska demokratska stranka	Opposition	Tanko, Jože	M	1956
ParlaMint-SI_2017-04-26-SDZ7-Redna-29.u127	Minutes of the National Assembly of the Republic of Slovenia, Term 7, Regular Session 29, 26.4.2017	2017-04-26	2017-04-26	Lower house	7		29			Reference	Chairperson	MP	SMC	Stranka modernega centra		Brglez, Milan	M	1967
ParlaMint-SI_2017-04-26-SDZ7-Redna-29.u128	Minutes of the National Assembly of the Republic of Slovenia, Term 7, Regular Session 29, 26.4.2017	2017-04-26	2017-04-26	Lower house	7		29			Reference	Regular	MP	SMC	Stranka modernega centra		Vervega, Vesna	F	1965
ParlaMint-SI_2017-04-26-SDZ7-Redna-29.u129	Minutes of the National Assembly of the Republic of Slovenia, Term 7, Regular Session 29, 26.4.2017	2017-04-26	2017-04-26	Lower house	7		29			Reference	Chairperson	MP	SMC	Stranka modernega centra		Brglez, Milan	M	1967
ParlaMint-SI_2017-04-26-SDZ7-Redna-29.u130	Minutes of the National Assembly of the Republic of Slovenia, Term 7, Regular Session 29, 26.4.2017	2017-04-26	2017-04-26	Lower house	7		29			Reference	Chairperson	MP	SMC	Stranka modernega centra		Brglez, Milan	M	1967
